{
  "num_episodes": 100,
  "statistics": {
    "mean_reward": 5.71,
    "std_reward": 2.290392979381486,
    "min_reward": 0.0,
    "max_reward": 9.0,
    "median_reward": 6.0,
    "mean_length": 67.52,
    "std_length": 25.07607624808953,
    "min_length": 6.0,
    "max_length": 106.0
  },
  "episode_rewards": [
    6.0,
    6.0,
    6.0,
    6.0,
    4.0,
    6.0,
    6.0,
    4.0,
    6.0,
    7.0,
    6.0,
    6.0,
    7.0,
    6.0,
    6.0,
    1.0,
    6.0,
    8.0,
    8.0,
    8.0,
    6.0,
    6.0,
    8.0,
    5.0,
    6.0,
    1.0,
    7.0,
    0.0,
    8.0,
    6.0,
    6.0,
    1.0,
    8.0,
    8.0,
    7.0,
    1.0,
    6.0,
    8.0,
    2.0,
    6.0,
    6.0,
    0.0,
    8.0,
    8.0,
    6.0,
    6.0,
    6.0,
    6.0,
    0.0,
    6.0,
    6.0,
    6.0,
    6.0,
    0.0,
    6.0,
    6.0,
    6.0,
    8.0,
    8.0,
    4.0,
    9.0,
    5.0,
    0.0,
    6.0,
    9.0,
    8.0,
    0.0,
    8.0,
    8.0,
    6.0,
    6.0,
    0.0,
    8.0,
    5.0,
    6.0,
    6.0,
    6.0,
    6.0,
    6.0,
    2.0,
    8.0,
    6.0,
    8.0,
    6.0,
    6.0,
    7.0,
    6.0,
    6.0,
    7.0,
    1.0,
    6.0,
    6.0,
    8.0,
    6.0,
    6.0,
    6.0,
    7.0,
    8.0,
    6.0,
    8.0
  ],
  "episode_lengths": [
    74,
    70,
    70,
    70,
    48,
    70,
    72,
    48,
    70,
    84,
    70,
    70,
    82,
    70,
    72,
    16,
    70,
    92,
    92,
    92,
    70,
    70,
    94,
    60,
    70,
    16,
    80,
    6,
    94,
    70,
    70,
    16,
    94,
    92,
    80,
    16,
    70,
    94,
    28,
    70,
    70,
    6,
    92,
    94,
    70,
    70,
    70,
    70,
    6,
    70,
    70,
    70,
    70,
    6,
    70,
    70,
    70,
    94,
    94,
    48,
    104,
    60,
    6,
    70,
    106,
    94,
    6,
    94,
    94,
    70,
    70,
    6,
    94,
    60,
    70,
    70,
    70,
    70,
    70,
    28,
    94,
    70,
    92,
    70,
    70,
    80,
    70,
    70,
    80,
    16,
    70,
    70,
    96,
    70,
    70,
    70,
    84,
    92,
    70,
    94
  ],
  "checkpoint_info": {
    "total_steps": 173492,
    "episode_count": 9500
  }
}