{
  "loss": [
    3.5668609142303467,
    5.346919059753418,
    5.28981876373291,
    5.28330659866333
  ],
  "policy_loss": [
    3.5638718605041504,
    5.345940589904785,
    5.278238773345947,
    5.274601936340332
  ],
  "reward_loss": [
    0.00024001230485737324,
    1.819106182665564e-05,
    0.007023991085588932,
    0.003276833798736334
  ],
  "value_loss": [
    0.002749078441411257,
    0.0009602414211258292,
    0.004556416533887386,
    0.0054280441254377365
  ]
}